,sid,text
0,0,las
1,0,antenas
2,0,miden
3,0,el
4,0,metro
5,1,la
6,1,sociedad
7,1,plantea
8,1,necesidad
9,2,el
10,2,motor
11,2,consume
12,2,la
13,2,energia
14,3,las
15,3,proposiciones
16,3,tienen
17,3,el
18,3,tema
19,4,las
20,4,revoluciones
21,4,abarcan
22,4,esferas
23,5,el
24,5,hilo
25,5,comparte
26,5,los
27,5,datos
28,6,la
29,6,persona
30,6,compara
31,6,las
32,6,cosas
33,7,la
34,7,aplicacion
35,7,posibilita
36,7,las
37,7,creaciones
38,8,las
39,8,agencias
40,8,disponen
41,8,los
42,8,equipos
43,9,el
44,9,lugar
45,9,regula
46,9,ritmo
47,10,el
48,10,beneficio
49,10,supera
50,10,los
51,10,riesgos
52,11,las
53,11,codificaciones
54,11,seleccionan
55,11,la
56,11,informacion
57,12,los
58,12,productos
59,12,cumplen
60,12,la
61,12,propiedad
62,13,la
63,13,investigacion
64,13,recoge
65,13,los
66,13,conocimientos
67,14,la
68,14,diversidad
69,14,dificulta
70,14,relacion
71,15,las
72,15,teorias
73,15,reducen
74,15,los
75,15,numeros
76,16,el
77,16,centro
78,16,describe
79,16,las
80,16,parabolas
81,17,las
82,17,controversias
83,17,cierran
84,17,el
85,17,paso
86,18,las
87,18,versiones
88,18,soportan
89,18,el
90,18,comando
91,19,el
92,19,grupo
93,19,exige
94,19,la
95,19,liberacion
96,20,las
97,20,fuerzas
98,20,atraen
99,20,los
100,20,electrones
101,21,el
102,21,trato
103,21,crea
104,21,la
105,21,dicha
106,22,la
107,22,tasa
108,22,excede
109,22,las
110,22,velocidades
111,23,el
112,23,sistema
113,23,incluye
114,23,las
115,23,posibilidades
116,24,los
117,24,paneles
118,24,contienen
119,24,la
120,24,opcion
121,25,las
122,25,condiciones
123,25,favorecen
124,25,los
125,25,desarrollos
126,26,los
127,26,arboles
128,26,estimulan
129,26,la
130,26,secrecion
131,27,las
132,27,bolsas
133,27,registran
134,27,perdidas
135,28,la
136,28,enfermedad
137,28,revela
138,28,las
139,28,claves
140,29,la
141,29,regla
142,29,brinda
143,29,las
144,29,garantias
145,30,el
146,30,pedido
147,30,merece
148,30,las
149,30,atenciones
150,31,los
151,31,cuadernos
152,31,presentan
153,31,la
154,31,division
155,32,el
156,32,algoritmo
157,32,recorre
158,32,nodo
159,33,las
160,33,calles
161,33,marcan
162,33,lineas
163,34,los
164,34,usos
165,34,ofrecen
166,34,la
167,34,ventaja
168,35,los
169,35,crecimientos
170,35,aumentan
171,35,las
172,35,estructuras
173,36,el
174,36,flujo
175,36,atraviesa
176,36,las
177,36,bobinas
178,37,el
179,37,nino
180,37,acaba
181,37,la
182,37,escuela
183,38,el
184,38,individuo
185,38,adapta
186,38,los
187,38,rasgos
188,39,el
189,39,caballo
190,39,recorre
191,39,la
192,39,casilla
193,40,el
194,40,jefe
195,40,configura
196,40,campo
197,41,las
198,41,presencias
199,41,imponen
200,41,el
201,41,reto
202,42,las
203,42,uniones
204,42,organizan
205,42,el
206,42,calendario
207,43,la
208,43,silla
209,43,ocasiona
210,43,las
211,43,lesiones
212,44,el
213,44,lugar
214,44,regula
215,44,los
216,44,ritmos
217,44,de
218,44,desarrollos
219,45,las
220,45,sillas
221,45,ocasionan
222,45,la
223,45,lesion
224,45,de
225,45,los
226,45,organos
227,46,los
228,46,tratos
229,46,crean
230,46,las
231,46,dichas
232,46,en
233,46,el
234,46,caso
235,47,la
236,47,regla
237,47,brinda
238,47,garantia
239,47,de
240,47,las
241,47,calidades
242,48,las
243,48,calles
244,48,marcan
245,48,lineas
246,48,imaginarias
247,49,las
248,49,estrategias
249,49,diferencian
250,49,el
251,49,pensamiento
252,49,de
253,49,la
254,49,persona
255,50,la
256,50,presencia
257,50,de
258,50,los
259,50,tipos
260,50,impone
261,50,retos
262,51,los
263,51,jugadores
264,51,conocidos
265,51,golpean
266,51,la
267,51,pelota
268,52,la
269,52,sociedad
270,52,plantea
271,52,necesidad
272,52,del
273,52,apoyo
274,53,los
275,53,sistemas
276,53,de
277,53,las
278,53,raices
279,53,incluyen
280,53,posibilidades
281,54,las
282,54,tasas
283,54,exceden
284,54,velocidades
285,54,relativas
286,55,la
287,55,antena
288,55,para
289,55,las
290,55,bandas
291,55,mide
292,55,los
293,55,metros
294,56,los
295,56,ninos
296,56,mayores
297,56,acaba
298,56,la
299,56,escuela
300,57,la
301,57,union
302,57,organiza
303,57,los
304,57,calendarios
305,57,deportivos
306,58,los
307,58,beneficios
308,58,superan
309,58,el
310,58,riesgo
311,58,por
312,58,puestos
313,59,el
314,59,flujo
315,59,atraviesa
316,59,las
317,59,bobinas
318,59,con
319,59,los
320,59,nucleos
321,60,las
322,60,estadisticas
323,60,robustas
324,60,siguen
325,60,la
326,60,distribucion
327,61,la
328,61,teoria
329,61,erronea
330,61,reduce
331,61,el
332,61,numero
333,62,el
334,62,crecimiento
335,62,aumenta
336,62,la
337,62,estructura
338,62,real
339,63,las
340,63,bolsas
341,63,pequenas
342,63,registran
343,63,la
344,63,perdida
345,64,la
346,64,investigacion
347,64,real
348,64,recoge
349,64,los
350,64,conocimientos
351,65,los
352,65,corredores
353,65,con
354,65,las
355,65,marcas
356,65,aceleran
357,65,la
358,65,carrera
359,66,las
360,66,gacetas
361,66,traen
362,66,entrevistas
363,66,con
364,66,acusaciones
365,67,el
366,67,servicio
367,67,levanta
368,67,las
369,67,formas
370,67,del
371,67,ataque
372,68,el
373,68,algoritmo
374,68,de
375,68,los
376,68,controles
377,68,recorre
378,68,nodo
379,69,los
380,69,individuos
381,69,adaptan
382,69,el
383,69,rasgo
384,69,genetico
385,70,la
386,70,enfermedad
387,70,revela
388,70,las
389,70,claves
390,70,para
391,70,decision
392,71,el
393,71,cliente
394,71,establece
395,71,la
396,71,conexion
397,71,creada
398,72,el
399,72,centro
400,72,describe
401,72,las
402,72,parabolas
403,72,asociadas
404,73,el
405,73,interruptor
406,73,abierto
407,73,conecta
408,73,la
409,73,carga
410,74,los
411,74,usos
412,74,ofrecen
413,74,las
414,74,ventajas
415,74,energeticas
416,75,el
417,75,arbol
418,75,con
419,75,la
420,75,compensacion
421,75,estimula
422,75,secrecion
423,76,la
424,76,aplicacion
425,76,buena
426,76,posibilita
427,76,las
428,76,creaciones
429,77,las
430,77,interconexiones
431,77,de
432,77,la
433,77,fibra
434,77,extienden
435,77,costumbres
436,78,la
437,78,compania
438,78,anuncia
439,78,las
440,78,adquisiciones
441,78,de
442,78,los
443,78,datos
444,79,las
445,79,personas
446,79,comparan
447,79,cosas
448,79,unicas
449,80,el
450,80,cuaderno
451,80,presenta
452,80,las
453,80,divisiones
454,80,enteras
455,81,los
456,81,grupos
457,81,del
458,81,organismo
459,81,exigen
460,81,la
461,81,liberacion
462,82,las
463,82,condiciones
464,82,favorecen
465,82,el
466,82,desarrollo
467,82,maritimo
468,83,la
469,83,modalidad
470,83,permite
471,83,el
472,83,trabajo
473,83,en
474,83,los
475,83,campos
476,84,la
477,84,revolucion
478,84,nueva
479,84,abarca
480,84,las
481,84,esferas
482,85,los
483,85,ejemplos
484,85,muestran
485,85,bloques
486,85,de
487,85,las
488,85,canteras
489,86,las
490,86,codificaciones
491,86,de
492,86,los
493,86,caracteres
494,86,seleccionan
495,86,la
496,86,informacion
497,87,la
498,87,controversia
499,87,en
500,87,los
501,87,diagnosticos
502,87,cierra
503,87,el
504,87,paso
505,88,el
506,88,programa
507,88,del
508,88,reasentamiento
509,88,pide
510,88,los
511,88,permisos
512,89,la
513,89,diversidad
514,89,previa
515,89,dificulta
516,89,relacion
517,90,la
518,90,ciencia
519,90,de
520,90,idea
521,90,rompe
522,90,vision
523,91,los
524,91,procesadores
525,91,del
526,91,bit
527,91,ejecutan
528,91,las
529,91,instrucciones
530,92,los
531,92,productos
532,92,cumplen
533,92,la
534,92,propiedad
535,92,asociada
536,93,los
537,93,pedidos
538,93,directos
539,93,merecen
540,93,las
541,93,atenciones
542,94,los
543,94,motores
544,94,rapidos
545,94,consumen
546,94,las
547,94,energias
548,95,el
549,95,caballo
550,95,hermoso
551,95,recorre
552,95,las
553,95,casillas
554,96,las
555,96,versiones
556,96,del
557,96,programa
558,96,soportan
559,96,el
560,96,comando
561,97,las
562,97,agencias
563,97,disponen
564,97,los
565,97,equipos
566,97,por
567,97,la
568,97,manana
569,98,la
570,98,explicacion
571,98,aclara
572,98,pregunta
573,98,de
574,98,evaluacion
575,99,la
576,99,funcion
577,99,lee
578,99,los
579,99,archivos
580,99,contenidos
581,100,el
582,100,signo
583,100,radical
584,100,conserva
585,100,resultado
586,101,la
587,101,proposicion
588,101,tiene
589,101,el
590,101,tema
591,101,general
592,102,los
593,102,elementos
594,102,apropiados
595,102,manifiestan
596,102,danos
597,103,las
598,103,bolas
599,103,blancas
600,103,impactan
601,103,bandas
602,104,el
603,104,jefe
604,104,de
605,104,la
606,104,edicion
607,104,configura
608,104,los
609,104,campos
610,105,los
611,105,paneles
612,105,contienen
613,105,la
614,105,opcion
615,105,larga
616,56,acaban
617,106,la
618,106,fuerza
619,106,atrae
620,106,el
621,106,electron
622,106,primero
623,107,los
624,107,hilos
625,107,comparten
626,107,el
627,107,dato
628,107,de
629,107,la
630,107,transaccion
631,108,el
632,108,jugador
633,108,golpea
634,108,la
635,108,pelota
636,109,el
637,109,procesador
638,109,ejecuta
639,109,la
640,109,instruccion
641,110,las
642,110,interconexiones
643,110,extienden
644,110,la
645,110,costumbre
646,111,el
647,111,cliente
648,111,establece
649,111,las
650,111,conexiones
651,112,los
652,112,ejemplos
653,112,muestran
654,112,bloques
655,113,el
656,113,signo
657,113,conserva
658,113,los
659,113,resultados
660,114,los
661,114,programas
662,114,piden
663,114,el
664,114,permiso
665,115,los
666,115,interruptores
667,115,conectan
668,115,las
669,115,cargas
670,116,las
671,116,estrategias
672,116,diferencian
673,116,los
674,116,pensamientos
675,117,los
676,117,corredores
677,117,aceleran
678,117,la
679,117,carrera
680,118,la
681,118,modalidad
682,118,permite
683,118,el
684,118,trabajo
685,119,las
686,119,funciones
687,119,leen
688,119,los
689,119,archivos
690,120,la
691,120,gaceta
692,120,trae
693,120,entrevista
694,121,las
695,121,explicaciones
696,121,aclaran
697,121,preguntas
698,122,las
699,122,bolas
700,122,impactan
701,122,bandas
702,123,la
703,123,ciencia
704,123,rompe
705,123,vision
706,124,los
707,124,elementos
708,124,manifiestan
709,124,danos
710,125,los
711,125,servicios
712,125,levantan
713,125,las
714,125,formas
715,126,la
716,126,compania
717,126,anuncia
718,126,las
719,126,adquisiciones
720,127,la
721,127,estadistica
722,127,sigue
723,127,distribucion
